{
  "summary": {
    "steps": 6.0,
    "episode_time": 0.25,
    "final_x": 35.76144918344006,
    "final_y": -0.041676732941399564,
    "min_h": -0.1718013707119126,
    "mean_lambda": 0.75,
    "min_lambda": 0.5,
    "mean_takeover": 0.25,
    "rms_conflict": 0.08307125455495017,
    "rms_rwa": 0.08307125455495017,
    "first_driver_reaction_time": NaN,
    "first_motor_release_time": 0.25,
    "peak_driver_rwa": 0.0,
    "peak_driver_sfa_cmd": 2.4449161388169456,
    "collision": 1.0,
    "success": 0.0,
    "return": -202.59821646763393
  },
  "history_stack": 1,
  "policy": "heuristic"
}