{
  "summary": {
    "steps": 46.0,
    "episode_time": 2.25,
    "final_x": 46.39923106251391,
    "final_y": 2.8070197680849085,
    "min_h": 0.008015642022662028,
    "mean_lambda": 0.6960869565217392,
    "min_lambda": 0.52,
    "mean_takeover": 0.30391304347826087,
    "rms_conflict": 0.08327893857512217,
    "rms_rwa": 0.07213816032737724,
    "first_driver_reaction_time": 1.850000000000001,
    "first_motor_release_time": 1.800000000000001,
    "peak_driver_rwa": 0.049413443178464474,
    "peak_driver_sfa_cmd": 1.1127532766045574,
    "collision": 0.0,
    "success": 1.0,
    "return": 0.9382214612206212
  },
  "history_stack": 4,
  "policy": "sac"
}