{
  "summary": {
    "steps": 39.0,
    "episode_time": 1.900000000000001,
    "final_x": 47.22866376700523,
    "final_y": -2.1531931274229112,
    "min_h": 0.009182846875665618,
    "mean_lambda": 0.4912820512820514,
    "min_lambda": 0.16,
    "mean_takeover": 0.5087179487179486,
    "rms_conflict": 0.11357953192853507,
    "rms_rwa": 0.117621216206753,
    "first_driver_reaction_time": 1.6000000000000008,
    "first_motor_release_time": 1.5500000000000007,
    "peak_driver_rwa": 0.02138226661845843,
    "peak_driver_sfa_cmd": 0.5348855338300009,
    "collision": 0.0,
    "success": 1.0,
    "return": 17.85535083436684
  },
  "history_stack": 1,
  "policy": "heuristic"
}