{
  "summary": {
    "steps": 30.0,
    "episode_time": 1.4500000000000006,
    "final_x": 36.14184376827228,
    "final_y": 0.9825652028367303,
    "min_h": -0.3487209024512372,
    "mean_lambda": 1.0,
    "min_lambda": 1.0,
    "mean_takeover": 0.0,
    "rms_conflict": 0.0,
    "rms_rwa": 0.001100021209886524,
    "first_driver_reaction_time": NaN,
    "first_motor_release_time": NaN,
    "peak_driver_rwa": 0.0019345999591600807,
    "peak_driver_sfa_cmd": 0.12815350568711378,
    "collision": 1.0,
    "success": 0.0,
    "return": -209.5429393087873
  },
  "history_stack": 1,
  "policy": "driver"
}