{
  "summary": {
    "steps": 31.0,
    "episode_time": 1.5000000000000007,
    "final_x": 37.21889025703498,
    "final_y": -1.856895714958979,
    "min_h": -0.05641109258374555,
    "mean_lambda": 0.7096774193548387,
    "min_lambda": 0.46,
    "mean_takeover": 0.2903225806451613,
    "rms_conflict": 0.06281310826834995,
    "rms_rwa": 0.06397291242849773,
    "first_driver_reaction_time": NaN,
    "first_motor_release_time": NaN,
    "peak_driver_rwa": 0.0037713354152600336,
    "peak_driver_sfa_cmd": 0.21166959136665728,
    "collision": 1.0,
    "success": 0.0,
    "return": -210.00877212494098
  },
  "history_stack": 4,
  "policy": "sac"
}