{
  "summary": {
    "steps": 27.0,
    "episode_time": 1.3000000000000005,
    "final_x": 31.272234968818495,
    "final_y": 2.1853491313334965,
    "min_h": -0.007182751577062718,
    "mean_lambda": 0.6133333333333333,
    "min_lambda": 0.34,
    "mean_takeover": 0.38666666666666666,
    "rms_conflict": 0.05670751036954235,
    "rms_rwa": 0.0585270471473023,
    "first_driver_reaction_time": 1.3000000000000005,
    "first_motor_release_time": 1.2500000000000004,
    "peak_driver_rwa": 0.012511125300154897,
    "peak_driver_sfa_cmd": 0.3649967716452788,
    "collision": 1.0,
    "success": 0.0,
    "return": -212.7211424828185
  },
  "history_stack": 4,
  "policy": "sac"
}