{
  "summary": {
    "steps": 25.0,
    "episode_time": 1.2000000000000004,
    "final_x": 29.023631772436833,
    "final_y": -0.402651347417672,
    "min_h": -0.008221650300060723,
    "mean_lambda": 1.0,
    "min_lambda": 1.0,
    "mean_takeover": 0.0,
    "rms_conflict": 0.0,
    "rms_rwa": 0.000650761879575108,
    "first_driver_reaction_time": NaN,
    "first_motor_release_time": NaN,
    "peak_driver_rwa": 0.0028127432283432414,
    "peak_driver_swa_cmd": 0.19276859123911402,
    "collision": 1.0,
    "success": 0.0,
    "return": -200.62230369835967
  },
  "history_stack": 1,
  "policy": "driver"
}