{
  "summary": {
    "steps": 42.0,
    "episode_time": 2.0500000000000007,
    "final_x": 48.93520415006568,
    "final_y": 2.8131976391660674,
    "min_h": 0.0010390096518280156,
    "mean_lambda": 0.5538095238095239,
    "min_lambda": 0.22,
    "mean_takeover": 0.44619047619047625,
    "rms_conflict": 0.11298567541430046,
    "rms_rwa": 0.1173856723700434,
    "first_driver_reaction_time": 1.7000000000000008,
    "first_motor_release_time": 1.6500000000000008,
    "peak_driver_rwa": 0.018223723425234314,
    "peak_driver_swa_cmd": 0.40343985618665057,
    "collision": 0.0,
    "success": 1.0,
    "return": -6.800030895612167
  },
  "history_stack": 4,
  "policy": "sac"
}