{
  "summary": {
    "steps": 39.0,
    "episode_time": 1.900000000000001,
    "final_x": 47.22314904857393,
    "final_y": -2.1954335402807117,
    "min_h": 0.0035459355902367484,
    "mean_lambda": 0.5061538461538462,
    "min_lambda": 0.14,
    "mean_takeover": 0.4938461538461539,
    "rms_conflict": 0.1203014998115219,
    "rms_rwa": 0.1242852860742122,
    "first_driver_reaction_time": 1.6000000000000008,
    "first_motor_release_time": 1.5500000000000007,
    "peak_driver_rwa": 0.0212234687300986,
    "peak_driver_sfa_cmd": 0.539301466883751,
    "collision": 0.0,
    "success": 1.0,
    "return": 18.088403526692844
  },
  "history_stack": 4,
  "policy": "sac"
}