{
  "summary": {
    "steps": 31.0,
    "episode_time": 1.5000000000000007,
    "final_x": 35.95938872171191,
    "final_y": -0.7044552244388531,
    "min_h": -0.06141812535168112,
    "mean_lambda": 1.0,
    "min_lambda": 1.0,
    "mean_takeover": 0.0,
    "rms_conflict": 0.0,
    "rms_rwa": 0.0007658896015686759,
    "first_driver_reaction_time": NaN,
    "first_motor_release_time": NaN,
    "peak_driver_rwa": 0.0013592822330871755,
    "peak_driver_sfa_cmd": 0.08355391207302737,
    "collision": 1.0,
    "success": 0.0,
    "return": -204.10061552718327
  },
  "history_stack": 1,
  "policy": "driver"
}