{
  "summary": {
    "steps": 42.0,
    "episode_time": 2.0500000000000007,
    "final_x": 48.95391957287691,
    "final_y": 2.8179367875625676,
    "min_h": 0.003425661642958433,
    "mean_lambda": 0.4961904761904763,
    "min_lambda": 0.16,
    "mean_takeover": 0.5038095238095237,
    "rms_conflict": 0.11995869508640321,
    "rms_rwa": 0.12261520934523087,
    "first_driver_reaction_time": 1.7000000000000008,
    "first_motor_release_time": 1.6500000000000008,
    "peak_driver_rwa": 0.020901552873156412,
    "peak_driver_sfa_cmd": 0.514114146872264,
    "collision": 0.0,
    "success": 1.0,
    "return": -8.409937685287375
  },
  "history_stack": 1,
  "policy": "heuristic"
}