{
  "summary": {
    "steps": 42.0,
    "episode_time": 2.0500000000000007,
    "final_x": 48.949932373010085,
    "final_y": 2.396321380624279,
    "min_h": 0.003787429575926593,
    "mean_lambda": 0.32571428571428573,
    "min_lambda": 0.0,
    "mean_takeover": 0.6742857142857143,
    "rms_conflict": 0.12152943693654489,
    "rms_rwa": 0.12568271100679596,
    "first_driver_reaction_time": 1.7000000000000008,
    "first_motor_release_time": 1.6500000000000008,
    "peak_driver_rwa": 0.018371401464875717,
    "peak_driver_sfa_cmd": 0.39550451704458545,
    "collision": 0.0,
    "success": 1.0,
    "return": -5.764050151291805
  },
  "history_stack": 4,
  "policy": "sac"
}