policy,episode_return,success,collision,road_departure,min_h,mean_takeover,min_lambda,max_abs_y
bc_warmstart,-37.83655998515936,0.8333333333333334,0.16666666666666666,0.0,0.2010082622549306,0.39346125307712426,0.017868726337231508,2.2873416944405025
driver_hold,-201.3406009287213,0.0,1.0,0.0,-0.21753636768187637,0.0,1.0,0.32689533157107437
heuristic,-26.076369086458254,0.875,0.125,0.0,0.25204752902229305,0.37529078970071045,0.05000000000000001,2.365738839602748
