policy,episode_return,success,collision,road_departure,min_h,mean_takeover,min_lambda,max_abs_y
bc_warmstart,-63.214450179668894,0.75,0.25,0.0,0.12283948040901815,0.3981926460618164,0.027722251060428457,2.385812669771975
driver_hold,-178.37595282587256,0.0,0.3333333333333333,0.6666666666666666,0.41632006208738387,0.0,1.0,3.4023144501078746
heuristic,-40.74985644509786,0.8333333333333334,0.16666666666666666,0.0,0.19922381029363656,0.3852616508545989,0.05000000000000001,2.4462538777256917
sac_finetune,-20.432152563634343,0.9166666666666666,0.08333333333333333,0.0,0.25734125147012277,0.36237312811395533,0.07026808507143863,2.486447356642279
