{
  "overall": {
    "policy": "heuristic",
    "history_stack": 1,
    "episodes": 12,
    "success_mean": 0.75,
    "collision_mean": 0.25,
    "min_h_mean": 0.08316402036361242,
    "mean_takeover_mean": 0.4954523869501601,
    "return_mean": -45.6587854172024
  }
}