{
  "algorithm": "sac_torch_v10_seq_bc",
  "history_stack": 4,
  "base_obs_dim": 13,
  "encoder_type": "gru",
  "curriculum": true,
  "driver_population": true,
  "randomized_training": false,
  "best_at_step": 50,
  "eval_metrics": {
    "collision_mean": 0.0,
    "collision_std": 0.0,
    "episode_time_mean": 2.5999999999999988,
    "episode_time_std": 0.4107919181288731,
    "final_x_mean": 50.185228254245786,
    "final_x_std": 1.7308996843193978,
    "final_y_mean": -0.7346173805491164,
    "final_y_std": 2.536579564773772,
    "first_driver_reaction_time_mean": 1.1500000000000004,
    "first_driver_reaction_time_std": 0.12247448713915901,
    "first_motor_release_time_mean": 1.0875000000000004,
    "first_motor_release_time_std": 0.1340475661845452,
    "mean_lambda_mean": 0.5344848349203406,
    "mean_lambda_std": 0.0905483032477938,
    "mean_takeover_mean": 0.4655151650796594,
    "mean_takeover_std": 0.09054830324779378,
    "min_h_mean": 0.22749509042684135,
    "min_h_std": 0.20256380525546833,
    "min_lambda_mean": 0.245,
    "min_lambda_std": 0.18993419913222578,
    "peak_driver_rwa_mean": 0.2834537519639068,
    "peak_driver_rwa_std": 0.057071722545889256,
    "peak_driver_swa_cmd_mean": 5.141241670352758,
    "peak_driver_swa_cmd_std": 1.1660315755609547,
    "return_mean": 4.712336430538132,
    "return_std": 8.495555028285905,
    "rms_conflict_mean": 0.16956221942314914,
    "rms_conflict_std": 0.01862314783061373,
    "rms_rwa_mean": 0.08025171555342421,
    "rms_rwa_std": 0.03439729322275266,
    "steps_mean": 53.0,
    "steps_std": 8.215838362577491,
    "success_mean": 1.0,
    "success_std": 0.0
  },
  "replay_counts": {
    "size": 542,
    "demo": 303,
    "hazard": 429,
    "regular": 113
  },
  "bc_shaping": {
    "medium_bc_boost": 0.75,
    "hard_bc_scale": 0.55,
    "medium_severity_min": 0.3,
    "medium_severity_max": 1.1
  }
}