{
  "grid_overall": {
    "driver": {
      "policy": "driver",
      "history_stack": 1,
      "episodes": 12,
      "success_mean": 0.08333333333333333,
      "collision_mean": 0.8333333333333334,
      "min_h_mean": 0.02268696261604668,
      "mean_takeover_mean": 0.0,
      "return_mean": -10633.109934810638
    },
    "heuristic": {
      "policy": "heuristic",
      "history_stack": 1,
      "episodes": 12,
      "success_mean": 0.75,
      "collision_mean": 0.25,
      "min_h_mean": 0.08316402036361242,
      "mean_takeover_mean": 0.4954523869501601,
      "return_mean": -45.6587854172024
    },
    "seq_pretrain": {
      "policy": "sac",
      "history_stack": 4,
      "episodes": 12,
      "success_mean": 0.75,
      "collision_mean": 0.25,
      "min_h_mean": 0.09573061025580722,
      "mean_takeover_mean": 0.5082984923050211,
      "return_mean": -46.96485803395084
    },
    "seq_sac_finetune": {
      "policy": "sac",
      "history_stack": 4,
      "episodes": 12,
      "success_mean": 0.4166666666666667,
      "collision_mean": 0.5833333333333334,
      "min_h_mean": -0.03296603806332343,
      "mean_takeover_mean": 0.3183373190656726,
      "return_mean": -116.79476437548276
    }
  },
  "best_eval_from_checkpoint": {
    "collision_mean": 0.0,
    "collision_std": 0.0,
    "episode_time_mean": 2.5999999999999988,
    "episode_time_std": 0.4107919181288731,
    "final_x_mean": 50.185228254245786,
    "final_x_std": 1.7308996843193978,
    "final_y_mean": -0.7346173805491164,
    "final_y_std": 2.536579564773772,
    "first_driver_reaction_time_mean": 1.1500000000000004,
    "first_driver_reaction_time_std": 0.12247448713915901,
    "first_motor_release_time_mean": 1.0875000000000004,
    "first_motor_release_time_std": 0.1340475661845452,
    "mean_lambda_mean": 0.5344848349203406,
    "mean_lambda_std": 0.0905483032477938,
    "mean_takeover_mean": 0.4655151650796594,
    "mean_takeover_std": 0.09054830324779378,
    "min_h_mean": 0.22749509042684135,
    "min_h_std": 0.20256380525546833,
    "min_lambda_mean": 0.245,
    "min_lambda_std": 0.18993419913222578,
    "peak_driver_rwa_mean": 0.2834537519639068,
    "peak_driver_rwa_std": 0.057071722545889256,
    "peak_driver_swa_cmd_mean": 5.141241670352758,
    "peak_driver_swa_cmd_std": 1.1660315755609547,
    "return_mean": 4.712336430538132,
    "return_std": 8.495555028285905,
    "rms_conflict_mean": 0.16956221942314914,
    "rms_conflict_std": 0.01862314783061373,
    "rms_rwa_mean": 0.08025171555342421,
    "rms_rwa_std": 0.03439729322275266,
    "steps_mean": 53.0,
    "steps_std": 8.215838362577491,
    "success_mean": 1.0,
    "success_std": 0.0
  },
  "hard_frozen_rollouts": {
    "driver": {
      "steps": 30.0,
      "episode_time": 1.4500000000000006,
      "final_x": 36.14184376827228,
      "final_y": 0.9825652028367303,
      "min_h": -0.3487209024512372,
      "mean_lambda": 1.0,
      "min_lambda": 1.0,
      "mean_takeover": 0.0,
      "rms_conflict": 0.0,
      "rms_rwa": 0.001100021209886524,
      "first_driver_reaction_time": NaN,
      "first_motor_release_time": NaN,
      "peak_driver_rwa": 0.0019345999591600807,
      "peak_driver_swa_cmd": 0.12815350568711378,
      "collision": 1.0,
      "success": 0.0,
      "return": -209.5429393087873
    },
    "heuristic": {
      "steps": 39.0,
      "episode_time": 1.900000000000001,
      "final_x": 47.22866376700523,
      "final_y": -2.1531931274229112,
      "min_h": 0.009182846875665618,
      "mean_lambda": 0.4912820512820514,
      "min_lambda": 0.16,
      "mean_takeover": 0.5087179487179486,
      "rms_conflict": 0.11357953192853507,
      "rms_rwa": 0.117621216206753,
      "first_driver_reaction_time": 1.6000000000000008,
      "first_motor_release_time": 1.5500000000000007,
      "peak_driver_rwa": 0.02138226661845843,
      "peak_driver_swa_cmd": 0.5348855338300009,
      "collision": 0.0,
      "success": 1.0,
      "return": 17.85535083436684
    },
    "seq_pretrain": {
      "steps": 39.0,
      "episode_time": 1.900000000000001,
      "final_x": 47.22314904857393,
      "final_y": -2.1954335402807117,
      "min_h": 0.0035459355902367484,
      "mean_lambda": 0.5061538461538462,
      "min_lambda": 0.14,
      "mean_takeover": 0.4938461538461539,
      "rms_conflict": 0.1203014998115219,
      "rms_rwa": 0.1242852860742122,
      "first_driver_reaction_time": 1.6000000000000008,
      "first_motor_release_time": 1.5500000000000007,
      "peak_driver_rwa": 0.0212234687300986,
      "peak_driver_swa_cmd": 0.539301466883751,
      "collision": 0.0,
      "success": 1.0,
      "return": 18.088403526692844
    },
    "seq_sac_finetune": {
      "steps": 31.0,
      "episode_time": 1.5000000000000007,
      "final_x": 37.21889025703498,
      "final_y": -1.856895714958979,
      "min_h": -0.05641109258374555,
      "mean_lambda": 0.7096774193548387,
      "min_lambda": 0.46,
      "mean_takeover": 0.2903225806451613,
      "rms_conflict": 0.06281310826834995,
      "rms_rwa": 0.06397291242849773,
      "first_driver_reaction_time": NaN,
      "first_motor_release_time": NaN,
      "peak_driver_rwa": 0.0037713354152600336,
      "peak_driver_swa_cmd": 0.21166959136665728,
      "collision": 1.0,
      "success": 0.0,
      "return": -210.00877212494098
    }
  }
}