{
  "overall": {
    "policy": "sac",
    "history_stack": 4,
    "episodes": 12,
    "success_mean": 0.4166666666666667,
    "collision_mean": 0.5833333333333334,
    "min_h_mean": -0.03296603806332343,
    "mean_takeover_mean": 0.3183373190656726,
    "return_mean": -116.79476437548276
  }
}