{
  "algorithm": "sac_torch_v11_conservative_seq_bc",
  "history_stack": 4,
  "base_obs_dim": 13,
  "encoder_type": "gru",
  "curriculum": true,
  "driver_population": true,
  "randomized_training": false,
  "best_at_step": 80,
  "eval_metrics": {
    "collision_mean": 0.0,
    "collision_std": 0.0,
    "episode_time_mean": 2.5999999999999988,
    "episode_time_std": 0.4107919181288731,
    "final_x_mean": 50.20294202991035,
    "final_x_std": 1.7202872248815737,
    "final_y_mean": -0.4877515835962282,
    "final_y_std": 1.9533696848140896,
    "first_driver_reaction_time_mean": 1.1500000000000004,
    "first_driver_reaction_time_std": 0.12247448713915901,
    "first_motor_release_time_mean": 1.0875000000000004,
    "first_motor_release_time_std": 0.1340475661845452,
    "mean_lambda_mean": 0.5467882424611636,
    "mean_lambda_std": 0.012643067849339806,
    "mean_takeover_mean": 0.45321175753883647,
    "mean_takeover_std": 0.012643067849339742,
    "min_h_mean": 0.35669471034665196,
    "min_h_std": 0.28559072087824855,
    "min_lambda_mean": 0.25,
    "min_lambda_std": 0.017320508075688777,
    "peak_driver_rwa_mean": 0.29614534966931605,
    "peak_driver_rwa_std": 0.061137004984435674,
    "peak_driver_swa_cmd_mean": 5.120122556257414,
    "peak_driver_swa_cmd_std": 1.2018995059596933,
    "return_mean": 8.762848694789605,
    "return_std": 5.380967670931089,
    "rms_conflict_mean": 0.18551443850420068,
    "rms_conflict_std": 0.029137819391560654,
    "rms_rwa_mean": 0.08544526042225825,
    "rms_rwa_std": 0.006564138329461692,
    "steps_mean": 53.0,
    "steps_std": 8.215838362577491,
    "success_mean": 1.0,
    "success_std": 0.0
  },
  "replay_counts": {
    "size": 572,
    "demo": 303,
    "hazard": 459,
    "regular": 113
  },
  "bc_shaping": {
    "medium_bc_boost": 1.0,
    "hard_bc_scale": 0.4,
    "medium_anchor_boost": 0.9,
    "hard_anchor_scale": 0.25,
    "medium_severity_min": 0.3,
    "medium_severity_max": 1.1,
    "pretrain_bc_steps": 0,
    "anchor_source": "post_pretrain"
  }
}