{
  "checkpoint_metadata": {
    "algorithm": "sac_torch",
    "history_stack": 4,
    "curriculum": true,
    "driver_population": true,
    "randomized_training": false,
    "best_at_step": 200,
    "eval_metrics": {
      "collision_mean": 0.25,
      "collision_std": 0.4330127018922193,
      "episode_time_mean": 2.487499999999999,
      "episode_time_std": 0.5504259714075983,
      "final_x_mean": 47.64762907252325,
      "final_x_std": 6.048005075961798,
      "final_y_mean": -1.8123340571014577,
      "final_y_std": 3.087231342590955,
      "first_driver_reaction_time_mean": 1.1500000000000004,
      "first_driver_reaction_time_std": 0.12247448713915901,
      "first_motor_release_time_mean": 1.0875000000000004,
      "first_motor_release_time_std": 0.1340475661845452,
      "mean_lambda_mean": 0.6254335316216039,
      "mean_lambda_std": 0.08593183531534808,
      "mean_takeover_mean": 0.3745664683783962,
      "mean_takeover_std": 0.08593183531534798,
      "min_h_mean": 0.3409119755502684,
      "min_h_std": 0.3032881742826817,
      "min_lambda_mean": 0.46,
      "min_lambda_std": 0.17492855684535902,
      "peak_driver_rwa_mean": 0.24008997587226075,
      "peak_driver_rwa_std": 0.09934516024839052,
      "peak_driver_swa_cmd_mean": 4.729945130006431,
      "peak_driver_swa_cmd_std": 1.1260549318994355,
      "return_mean": -67.62574181224598,
      "return_std": 85.99737661560921,
      "rms_conflict_mean": 0.10936789901806321,
      "rms_conflict_std": 0.027945352155183366,
      "rms_rwa_mean": 0.058943242416741384,
      "rms_rwa_std": 0.0183957913837207,
      "steps_mean": 50.75,
      "steps_std": 11.008519428151999,
      "success_mean": 0.75,
      "success_std": 0.4330127018922193
    }
  },
  "sweep18": {
    "success_mean": 0.6111111111111112,
    "collision_mean": 0.3888888888888889,
    "min_h_mean": 0.16738229294520876,
    "mean_takeover_mean": 0.29033993389553747
  },
  "single_success_eval": {
    "metrics": {
      "steps": 46.0,
      "episode_time": 2.25,
      "final_x": 46.39923106251391,
      "final_y": 2.8070197680849085,
      "min_h": 0.008015642022662028,
      "mean_lambda": 0.6960869565217392,
      "min_lambda": 0.52,
      "mean_takeover": 0.30391304347826087,
      "rms_conflict": 0.08327893857512217,
      "rms_rwa": 0.07213816032737724,
      "first_driver_reaction_time": 1.850000000000001,
      "first_motor_release_time": 1.800000000000001,
      "peak_driver_rwa": 0.049413443178464474,
      "peak_driver_swa_cmd": 1.1127532766045574,
      "collision": 0.0,
      "success": 1.0,
      "return": 0.9382214612206212
    },
    "history_stack": 4,
    "seed": 44,
    "randomized": false,
    "curriculum": true,
    "driver_population": true,
    "curriculum_progress": 0.8
  }
}