{
  "overall": {
    "policy": "sac",
    "history_stack": 4,
    "episodes": 12,
    "success_mean": 0.75,
    "collision_mean": 0.25,
    "min_h_mean": -0.024908773855704603,
    "mean_takeover_mean": 0.616843403610822,
    "return_mean": -44.97449796536012
  }
}