{
  "algorithm": "sac_torch_v9",
  "history_stack": 4,
  "curriculum": true,
  "driver_population": true,
  "randomized_training": false,
  "best_at_step": 400,
  "eval_metrics": {
    "collision_mean": 0.0,
    "collision_std": 0.0,
    "episode_time_mean": 2.5999999999999988,
    "episode_time_std": 0.4107919181288731,
    "final_x_mean": 50.17914028475475,
    "final_x_std": 1.736761971565133,
    "final_y_mean": -0.1412933781956798,
    "final_y_std": 0.803909537640695,
    "first_driver_reaction_time_mean": 1.1500000000000004,
    "first_driver_reaction_time_std": 0.12247448713915901,
    "first_motor_release_time_mean": 1.0875000000000004,
    "first_motor_release_time_std": 0.1340475661845452,
    "mean_lambda_mean": 0.29327963421578884,
    "mean_lambda_std": 0.03665153042590631,
    "mean_takeover_mean": 0.7067203657842112,
    "mean_takeover_std": 0.03665153042590631,
    "min_h_mean": 0.08852874089446611,
    "min_h_std": 0.07137010235412264,
    "min_lambda_mean": 0.0,
    "min_lambda_std": 0.0,
    "peak_driver_rwa_mean": 0.29742006036608765,
    "peak_driver_rwa_std": 0.05891532566076582,
    "peak_driver_sfa_cmd_mean": 5.143127440543838,
    "peak_driver_sfa_cmd_std": 1.1628310081322615,
    "return_mean": 17.11344547761921,
    "return_std": 1.9473849737557127,
    "rms_conflict_mean": 0.17306869423621862,
    "rms_conflict_std": 0.022285610596278704,
    "rms_rwa_mean": 0.11887126031795002,
    "rms_rwa_std": 0.00493687107415742,
    "steps_mean": 53.0,
    "steps_std": 8.215838362577491,
    "success_mean": 1.0,
    "success_std": 0.0
  },
  "replay_counts": {
    "size": 1390,
    "demo": 659,
    "hazard": 1095,
    "regular": 295
  }
}